Strategy,Total Return,Annual Return,Sharpe Ratio,Max Drawdown,Win Rate,Total Trades
SMA Crossover 20/50,-100,-100,1.86704,100,14.1791,134
SMA Crossover 50/200,-100,-79.8797,1.81903,100,13.5135,37
RSI 14 (30/70),0,0,0,0,0,0
Bollinger Bands 20 (2.000000),592268,79.7696,0.760422,77.3056,100,11
